{
"type": "FeatureCollection",
"name": "allstores",
"features": [
{ "type": "Feature", "properties": { "ObjectID": 1, "Retailor Name": "Whole Foods Market", "Street": "SW Corner of Clayton and, 1160 Town and Country Crossing Dr, Wds Ml Plz", "City": "Town and Country", "State": "MO", "Zip Code": 63017, "Phone": "(636) 527-1160", "Latitude": 38.622218681385398, "Longitude": -90.515602317623603 }, "geometry": null },
{ "type": "Feature", "properties": { "ObjectID": 2, "Retailor Name": "Whole Foods Market", "Street": "1601 S Brentwood Blvd", "City": "St. Louis", "State": "MO", "Zip Code": 63144, "Phone": "(314) 968-7744", "Latitude": 38.627110962760703, "Longitude": -90.347883673033095 }, "geometry": null },
{ "type": "Feature", "properties": { "ObjectID": 3, "Retailor Name": "Whole Foods Market", "Street": "4577 W Pine Blvd", "City": "St. Louis", "State": "MO", "Zip Code": 63108, "Phone": "(314) 474-7300", "Latitude": 38.641925447488099, "Longitude": -90.261513459994205 }, "geometry": null },
{ "type": "Feature", "properties": { "ObjectID": 4, "Retailor Name": "Whole Foods Market", "Street": "301 E 51st St", "City": "Kansas City", "State": "MO", "Zip Code": 64112, "Phone": "(816) 708-3700", "Latitude": 39.034539341724901, "Longitude": -94.583588741084398 }, "geometry": null },
{ "type": "Feature", "properties": { "ObjectID": 5, "Retailor Name": "Walmart Supercenter", "Street": "1661 Jungermann Rd", "City": "St Peters", "State": "MO", "Zip Code": 63304, "Phone": "(636) 447-4450", "Latitude": 38.745748643514098, "Longitude": -90.589347417961093 }, "geometry": null },
{ "type": "Feature", "properties": { "ObjectID": 6, "Retailor Name": "Walmart Supercenter", "Street": "11900 St Charled Rock Rd", "City": "Bridgeton", "State": "MO", "Zip Code": 63044, "Phone": "(314) 291-2300", "Latitude": 38.745176835484102, "Longitude": -90.419246952201902 }, "geometry": null },
{ "type": "Feature", "properties": { "ObjectID": 7, "Retailor Name": "Walmart Supercenter", "Street": "2897 Veterans Memorial Pkwy", "City": "St Charles", "State": "MO", "Zip Code": 63303, "Phone": "(636) 947-8732", "Latitude": 38.782985066273802, "Longitude": -90.527711829404495 }, "geometry": null },
{ "type": "Feature", "properties": { "ObjectID": 8, "Retailor Name": "Walmart Supercenter", "Street": "201 Highlands Blvd Dr", "City": "Manchester", "State": "MO", "Zip Code": 63011, "Phone": "(636) 256-0697", "Latitude": 38.596250110500399, "Longitude": -90.5065094759468 }, "geometry": null },
{ "type": "Feature", "properties": { "ObjectID": 9, "Retailor Name": "Walmart Supercenter", "Street": "1900 Maplewood Commons Dr", "City": "Maplewood", "State": "MO", "Zip Code": 63143, "Phone": "(314) 781-2165", "Latitude": 38.621446958421402, "Longitude": -90.331445052170693 }, "geometry": null },
{ "type": "Feature", "properties": { "ObjectID": 10, "Retailor Name": "Walmart Supercenter", "Street": "100 THF Blvd", "City": "Chesterfield", "State": "MO", "Zip Code": 63005, "Phone": "(636) 536-4601", "Latitude": 38.666201433171402, "Longitude": -90.593038198713003 }, "geometry": null },
{ "type": "Feature", "properties": { "ObjectID": 11, "Retailor Name": "Walmart Supercenter", "Street": "10741 W Florissant Ave", "City": "St Louis", "State": "MO", "Zip Code": 63136, "Phone": "(314) 521-3422", "Latitude": 38.766555658999998, "Longitude": -90.283489768021497 }, "geometry": null },
{ "type": "Feature", "properties": { "ObjectID": 12, "Retailor Name": "Walmart Supercenter", "Street": "7437 Watson Rd", "City": "Shrewbury", "State": "MO", "Zip Code": 63119, "Phone": "(314) 687-1216", "Latitude": 38.580902165972098, "Longitude": -90.328101460096093 }, "geometry": null },
{ "type": "Feature", "properties": { "ObjectID": 13, "Retailor Name": "Walmart Supercenter", "Street": "1307 State Hwy K", "City": "O'Fallon", "State": "MO", "Zip Code": 63366, "Phone": "(636) 980-3700", "Latitude": 38.7939597, "Longitude": -90.701956998713001 }, "geometry": null },
{ "type": "Feature", "properties": { "ObjectID": 14, "Retailor Name": "Walmart Supercenter", "Street": "1202 S Kirkwood Rd", "City": "Kirkwood", "State": "MO", "Zip Code": 63122, "Phone": "(314) 835-9406", "Latitude": 38.563361964116801, "Longitude": -90.403476660096004 }, "geometry": null },
{ "type": "Feature", "properties": { "ObjectID": 15, "Retailor Name": "Walmart Supercenter", "Street": "2700 Ridge Point Dr", "City": "High Ridge", "State": "MO", "Zip Code": 63049, "Phone": "(636) 375-3201", "Latitude": 38.4625892625522, "Longitude": -90.520936591797593 }, "geometry": null },
{ "type": "Feature", "properties": { "ObjectID": 16, "Retailor Name": "Walmart Supercenter", "Street": "653 Gravois Bluffs Blvd", "City": "Fenton", "State": "MO", "Zip Code": 63026, "Phone": "(636) 349-3116", "Latitude": 38.510464523490803, "Longitude": -90.438606145255307 }, "geometry": null },
{ "type": "Feature", "properties": { "ObjectID": 17, "Retailor Name": "Walmart Supercenter", "Street": "3390 N Hwy 67", "City": "Florissant", "State": "MO", "Zip Code": 63033, "Phone": "(314) 824-0023", "Latitude": 38.811223761277702, "Longitude": -90.292392960096095 }, "geometry": null },
{ "type": "Feature", "properties": { "ObjectID": 18, "Retailor Name": "Walmart Supercenter", "Street": "3270 Telegraph Rd", "City": "St Louis", "State": "MO", "Zip Code": 63125, "Phone": "(314) 845-8544", "Latitude": 38.4952783349244, "Longitude": -90.296316068021497 }, "geometry": null },
{ "type": "Feature", "properties": { "ObjectID": 19, "Retailor Name": "Walmart Supercenter", "Street": "131 Eureka Towne Center Dr", "City": "Eureka", "State": "MO", "Zip Code": 63025, "Phone": "(636) 587-9836", "Latitude": 38.507244014727, "Longitude": -90.656975752170695 }, "geometry": null },
{ "type": "Feature", "properties": { "ObjectID": 20, "Retailor Name": "Walmart Supercenter", "Street": "2201 Michigan Ave", "City": "Arnold", "State": "MO", "Zip Code": 63010, "Phone": "(636) 282-0297", "Latitude": 38.437859952610097, "Longitude": -90.376340799722996 }, "geometry": null },
{ "type": "Feature", "properties": { "ObjectID": 21, "Retailor Name": "Walmart Supercenter", "Street": "6100 Ronald Reagan Dr", "City": "Lake St Louis", "State": "MO", "Zip Code": 63367, "Phone": "(636) 625-2101", "Latitude": 38.7732617820404, "Longitude": -90.786189937329894 }, "geometry": null },
{ "type": "Feature", "properties": { "ObjectID": 22, "Retailor Name": "Walmart Supercenter", "Street": "1701 A. Roy Dr", "City": "Washington", "State": "MO", "Zip Code": 63090, "Phone": "(636) 239-1993", "Latitude": 38.541882497854999, "Longitude": -90.994828468021396 }, "geometry": null },
{ "type": "Feature", "properties": { "ObjectID": 23, "Retailor Name": "Walmart Supercenter", "Street": "1971 Wentzville Pkwy", "City": "Wentzville", "State": "MO", "Zip Code": 63385, "Phone": "(636) 327-5155", "Latitude": 38.815190926735298, "Longitude": -90.878841275946797 }, "geometry": null },
{ "type": "Feature", "properties": { "ObjectID": 24, "Retailor Name": "Walmart Supercenter", "Street": "1445 E Central Ct", "City": "Union", "State": "MO", "Zip Code": 63084, "Phone": "(636) 583-2355", "Latitude": 38.434692898242901, "Longitude": -90.969798237329897 }, "geometry": null },
{ "type": "Feature", "properties": { "ObjectID": 25, "Retailor Name": "Walmart Supercenter", "Street": "12862 MO-21", "City": "De Soto", "State": "MO", "Zip Code": 63020, "Phone": "(636) 586-6878", "Latitude": 38.150082496885702, "Longitude": -90.574715645255296 }, "geometry": null },
{ "type": "Feature", "properties": { "ObjectID": 26, "Retailor Name": "Walmart Supercenter", "Street": "650 S Truman Blvd", "City": "Feustus", "State": "MO", "Zip Code": 63028, "Phone": "(636) 937-8441", "Latitude": 38.212574474435399, "Longitude": -90.387637830414505 }, "geometry": null },
{ "type": "Feature", "properties": { "ObjectID": 27, "Retailor Name": "Walmart Supercenter", "Street": "101 State Hwy 47", "City": "Troy", "State": "MO", "Zip Code": 63379, "Phone": "(636) 528-8901", "Latitude": 38.989345746965299, "Longitude": -90.981745737329902 }, "geometry": null },
{ "type": "Feature", "properties": { "ObjectID": 28, "Retailor Name": "Walmart Supercenter", "Street": "500 Warren County Ctr", "City": "Warrenton", "State": "MO", "Zip Code": 63383, "Phone": "(636) 456-4600", "Latitude": 38.824116426155499, "Longitude": -91.141876322489097 }, "geometry": null },
{ "type": "Feature", "properties": { "ObjectID": 29, "Retailor Name": "Walmart Supercenter", "Street": "350 Park Ridge Rd", "City": "Sullivan", "State": "MO", "Zip Code": 63080, "Phone": "(573) 468-7030", "Latitude": 38.221112956148197, "Longitude": -91.155332944245302 }, "geometry": null },
{ "type": "Feature", "properties": { "ObjectID": 30, "Retailor Name": "Walmart Supercenter", "Street": "707 Walton Dr", "City": "Farmington", "State": "MO", "Zip Code": 63640, "Phone": "(573) 756-8448", "Latitude": 37.789865203486698, "Longitude": -90.4351669759468 }, "geometry": null },
{ "type": "Feature", "properties": { "ObjectID": 31, "Retailor Name": "Walmart Neighborhood Market", "Street": "45 Sutters Mill Rd", "City": "St Peters", "State": "MO", "Zip Code": 63376, "Phone": "(636) 851-6809", "Latitude": 38.779684337622498, "Longitude": -90.576295286902095 }, "geometry": null },
{ "type": "Feature", "properties": { "ObjectID": 32, "Retailor Name": "Walmart Supercenter", "Street": "11601 E US Hwy 40", "City": "Kansas City", "State": "MO", "Zip Code": 64133, "Phone": "(816) 313-1183", "Latitude": 39.046132880447303, "Longitude": -94.441168154190606 }, "geometry": null },
{ "type": "Feature", "properties": { "ObjectID": 33, "Retailor Name": "Walmart Supercenter", "Street": "1 Memorial Dr", "City": "Potosi", "State": "MO", "Zip Code": 63664, "Phone": "(573) 438-5441", "Latitude": 37.925071497725902, "Longitude": -90.771211075946795 }, "geometry": null },
{ "type": "Feature", "properties": { "ObjectID": 34, "Retailor Name": "Walmart Supercenter", "Street": "3 Town Ctr Dr", "City": "Bowling Green", "State": "MO", "Zip Code": 63334, "Phone": "(573) 324-0040", "Latitude": 39.331470247596101, "Longitude": -91.1818165294045 }, "geometry": null },
{ "type": "Feature", "properties": { "ObjectID": 35, "Retailor Name": "Walmart Supercenter", "Street": "185 St Robert Blvd", "City": "St Robert", "State": "MO", "Zip Code": 65584, "Phone": "(573) 336-5103", "Latitude": 37.825658766359901, "Longitude": -92.1524062600961 }, "geometry": null },
{ "type": "Feature", "properties": { "ObjectID": 36, "Retailor Name": "Walmart Supercenter", "Street": "100 Commercial Dr", "City": "Pineville", "State": "MO", "Zip Code": 64856, "Phone": "(417) 226-5800", "Latitude": 36.5083793183409, "Longitude": -94.278064637329905 }, "geometry": null },
{ "type": "Feature", "properties": { "ObjectID": 37, "Retailor Name": "Walmart Supercenter", "Street": "8301 N Church Rd", "City": "Kansas City", "State": "MO", "Zip Code": 64158, "Phone": "(816) 792-4644", "Latitude": 39.243989492321298, "Longitude": -94.459682437329903 }, "geometry": null },
{ "type": "Feature", "properties": { "ObjectID": 38, "Retailor Name": "Walmart Supercenter", "Street": "407 N State St", "City": "Desloge", "State": "MO", "Zip Code": 63601, "Phone": "(573) 431-5094", "Latitude": 37.884175354252399, "Longitude": -90.5134022600961 }, "geometry": null },
{ "type": "Feature", "properties": { "ObjectID": 39, "Retailor Name": "Walmart Supercenter", "Street": "600 NE Coronado Dr", "City": "Blue Springs", "State": "MO", "Zip Code": 64014, "Phone": "(816) 224-4800", "Latitude": 39.023998339442599, "Longitude": -94.255396152170704 }, "geometry": null },
{ "type": "Feature", "properties": { "ObjectID": 40, "Retailor Name": "Walmart Supercenter", "Street": "500 S Bishop Ave", "City": "Rolla", "State": "MO", "Zip Code": 65401, "Phone": "(573) 341-9145", "Latitude": 37.938122670630101, "Longitude": -91.778557753180706 }, "geometry": null },
{ "type": "Feature", "properties": { "ObjectID": 41, "Retailor Name": "Walmart Supercenter", "Street": "401 Supercenter Dr", "City": "Jefferson City", "State": "MO", "Zip Code": 65101, "Phone": "(573) 635-3533", "Latitude": 38.541255667310502, "Longitude": -92.118875629404499 }, "geometry": null },
{ "type": "Feature", "properties": { "ObjectID": 42, "Retailor Name": "Walmart Supercenter", "Street": "4201 N Belt Hwy", "City": "St Jospeh", "State": "MO", "Zip Code": 64506, "Phone": "(816) 390-8400", "Latitude": 39.809399070002698, "Longitude": -94.809886900732906 }, "geometry": null },
{ "type": "Feature", "properties": { "ObjectID": 43, "Retailor Name": "Walmart Supercenter", "Street": "908 Walton Way", "City": "Richmond", "State": "MO", "Zip Code": 64085, "Phone": "(816) 779-5834", "Latitude": 39.263970129291998, "Longitude": -93.963293198713004 }, "geometry": null },
{ "type": "Feature", "properties": { "ObjectID": 44, "Retailor Name": "Walmart Supercenter", "Street": "3051 E Jackson Blvd", "City": "Jackson", "State": "MO", "Zip Code": 63755, "Phone": "(573) 243-3909", "Latitude": 37.362779132514497, "Longitude": -89.633954222489095 }, "geometry": null },
{ "type": "Feature", "properties": { "ObjectID": 45, "Retailor Name": "Walmart Supercenter", "Street": "2705 Grand Ave", "City": "Carthage", "State": "MO", "Zip Code": 64836, "Phone": "(417) 358-3000", "Latitude": 37.1435530066015, "Longitude": -94.312358814563694 }, "geometry": null },
{ "type": "Feature", "properties": { "ObjectID": 46, "Retailor Name": "Walmart Supercenter", "Street": "29 SW 1st Ln", "City": "Lamar", "State": "MO", "Zip Code": 64759, "Phone": "(417) 682-5516", "Latitude": 37.498054547791902, "Longitude": -94.301768883872199 }, "geometry": null },
{ "type": "Feature", "properties": { "ObjectID": 47, "Retailor Name": "Walmart Supercenter", "Street": "415 Conley Rd", "City": "Columbia", "State": "MO", "Zip Code": 65201, "Phone": "(573) 499-4935", "Latitude": 38.9560219640843, "Longitude": -92.293117432434499 }, "geometry": null },
{ "type": "Feature", "properties": { "ObjectID": 48, "Retailor Name": "Walmart Supercenter", "Street": "1201 Grindstone Pkwy", "City": "Columbia", "State": "MO", "Zip Code": 65201, "Phone": "(573) 449-0815", "Latitude": 38.914736147353601, "Longitude": -92.322655369031395 }, "geometry": null },
{ "type": "Feature", "properties": { "ObjectID": 49, "Retailor Name": "Walmart Supercenter", "Street": "2025 W Business Us Highway 60", "City": "Dexter", "State": "MO", "Zip Code": 63841, "Phone": "(573) 624-5514", "Latitude": 36.801902985505301, "Longitude": -89.991730453180693 }, "geometry": null },
{ "type": "Feature", "properties": { "ObjectID": 50, "Retailor Name": "Walmart Supercenter", "Street": "1501 S Rangeline Rd", "City": "Joplin", "State": "MO", "Zip Code": 64804, "Phone": "(417) 781-0100", "Latitude": 37.074078397399703, "Longitude": -94.463079407802695 }, "geometry": null },
{ "type": "Feature", "properties": { "ObjectID": 51, "Retailor Name": "Walmart Supercenter", "Street": "3020 S Elliott Ave", "City": "Aurora", "State": "MO", "Zip Code": 65605, "Phone": "(417) 678-5800", "Latitude": 36.947617813347698, "Longitude": -93.713051162116003 }, "geometry": null },
{ "type": "Feature", "properties": { "ObjectID": 52, "Retailor Name": "Walmart Supercenter", "Street": "1701 N Bluff St", "City": "Fulton", "State": "MO", "Zip Code": 65251, "Phone": "(573) 642-6877", "Latitude": 38.865121925338499, "Longitude": -91.945659698713001 }, "geometry": null },
{ "type": "Feature", "properties": { "ObjectID": 53, "Retailor Name": "Walmart Supercenter", "Street": "1923 E Kearney St", "City": "Springfield", "State": "MO", "Zip Code": 65803, "Phone": "(417) 865-4545", "Latitude": 37.242818483418802, "Longitude": -93.2552292096683 }, "geometry": null },
{ "type": "Feature", "properties": { "ObjectID": 54, "Retailor Name": "Walmart Supercenter", "Street": "2015 W Foxwwood Dr", "City": "Raymore", "State": "MO", "Zip Code": 64083, "Phone": "(816) 322-5455", "Latitude": 38.811119462304902, "Longitude": -94.494731591797603 }, "geometry": null },
{ "type": "Feature", "properties": { "ObjectID": 55, "Retailor Name": "Walmart Supercenter", "Street": "1700 Rte 291", "City": "Harrisonville", "State": "MO", "Zip Code": 64701, "Phone": "(816) 884-5635", "Latitude": 38.667715480606503, "Longitude": -94.3688087373299 }, "geometry": null },
{ "type": "Feature", "properties": { "ObjectID": 56, "Retailor Name": "Walmart Supercenter", "Street": "724 W Stadium Blvd", "City": "Jefferson City", "State": "MO", "Zip Code": 65109, "Phone": "(573) 635-8283", "Latitude": 38.580363179046898, "Longitude": -92.2198415600961 }, "geometry": null },
{ "type": "Feature", "properties": { "ObjectID": 57, "Retailor Name": "Walmart Supercenter", "Street": "1025 Walton Dr", "City": "Fredericktown", "State": "MO", "Zip Code": 63645, "Phone": "(573) 783-5581", "Latitude": 37.560096475720599, "Longitude": -90.320118329404494 }, "geometry": null },
{ "type": "Feature", "properties": { "ObjectID": 58, "Retailor Name": "Walmart Supercenter", "Street": "3439 William St", "City": "Cape Girardeau", "State": "MO", "Zip Code": 63701, "Phone": "(573) 335-4600", "Latitude": 37.302794307658701, "Longitude": -89.581975156210603 }, "geometry": null },
{ "type": "Feature", "properties": { "ObjectID": 59, "Retailor Name": "Walmart Supercenter", "Street": "2451 S Springfield Ave", "City": "Bolivar", "State": "MO", "Zip Code": 65613, "Phone": "(417) 326-8424", "Latitude": 37.591582879210499, "Longitude": -93.403320198713004 }, "geometry": null },
{ "type": "Feature", "properties": { "ObjectID": 60, "Retailor Name": "Walmart Supercenter", "Street": "2004 W Marler Ln", "City": "Ozark", "State": "MO", "Zip Code": 65721, "Phone": "(417) 581-2761", "Latitude": 37.001793037731503, "Longitude": -93.228031498712994 }, "geometry": null },
{ "type": "Feature", "properties": { "ObjectID": 61, "Retailor Name": "Walmart Supercenter", "Street": "3201 W Broadway Blvd", "City": "Sedalia", "State": "MO", "Zip Code": 65301, "Phone": "(660) 826-7800", "Latitude": 38.706830378511199, "Longitude": -93.2711796294045 }, "geometry": null },
{ "type": "Feature", "properties": { "ObjectID": 62, "Retailor Name": "Walmart Supercenter", "Street": "1212 S Madison St", "City": "Webb City", "State": "MO", "Zip Code": 64870, "Phone": "(417) 673-8288", "Latitude": 37.133419646191697, "Longitude": -94.478339729404496 }, "geometry": null },
{ "type": "Feature", "properties": { "ObjectID": 63, "Retailor Name": "Walmart Supercenter", "Street": "1301 US-24", "City": "Moberly", "State": "MO", "Zip Code": 65270, "Phone": "(660) 263-3113", "Latitude": 39.447312341638003, "Longitude": -92.420211698713004 }, "geometry": null },
{ "type": "Feature", "properties": { "ObjectID": 64, "Retailor Name": "Walmart Neighborhood Market", "Street": "3031 Mid Rivers Mall Dr", "City": "St Peters", "State": "MO", "Zip Code": 63376, "Phone": "(636) 697-1054", "Latitude": 38.773712252938701, "Longitude": -90.626085329404503 }, "geometry": null },
{ "type": "Feature", "properties": { "ObjectID": 65, "Retailor Name": "Walmart Supercenter", "Street": "3650 Stardust Dr", "City": "Hannibal", "State": "MO", "Zip Code": 63401, "Phone": "(573) 221-5610", "Latitude": 39.724761357108001, "Longitude": -91.400298598712993 }, "geometry": null },
{ "type": "Feature", "properties": { "ObjectID": 66, "Retailor Name": "Walmart Supercenter", "Street": "1701 W 133rd St", "City": "Kansas City", "State": "MO", "Zip Code": 64145, "Phone": "(816) 942-3847", "Latitude": 38.884996166515101, "Longitude": -94.605348529404495 }, "geometry": null },
{ "type": "Feature", "properties": { "ObjectID": 67, "Retailor Name": "Walmart Supercenter", "Street": "4000 S Bolger Rd", "City": "Independence", "State": "MO", "Zip Code": 64055, "Phone": "(816) 478-4090", "Latitude": 39.0457131804162, "Longitude": -94.367111898713006 }, "geometry": null },
{ "type": "Feature", "properties": { "ObjectID": 68, "Retailor Name": "Walmart Supercenter", "Street": "1712 E Ohio St", "City": "Clinton", "State": "MO", "Zip Code": 64735, "Phone": "(660) 885-5536", "Latitude": 38.3627744009815, "Longitude": -93.750736429404498 }, "geometry": null },
{ "type": "Feature", "properties": { "ObjectID": 69, "Retailor Name": "Walmart Supercenter", "Street": "1800 S Jefferson Ave", "City": "Lebanon", "State": "MO", "Zip Code": 65536, "Phone": "(417) 588-2268", "Latitude": 37.6630934651158, "Longitude": -92.646087560096106 }, "geometry": null },
{ "type": "Feature", "properties": { "ObjectID": 70, "Retailor Name": "Walmart Supercenter", "Street": "1888 Hwy 28", "City": "Owensville", "State": "MO", "Zip Code": 65066, "Phone": "(573) 437-4156", "Latitude": 38.353587941341502, "Longitude": -91.481927329404499 }, "geometry": null },
{ "type": "Feature", "properties": { "ObjectID": 71, "Retailor Name": "Walmart Supercenter", "Street": "10300 E State Rte 350", "City": "Raytown", "State": "MO", "Zip Code": 64138, "Phone": "(816) 358-7790", "Latitude": 38.983632945086597, "Longitude": -94.459143129404495 }, "geometry": null },
{ "type": "Feature", "properties": { "ObjectID": 72, "Retailor Name": "Walmart Supercenter", "Street": "1101 State Hwy 32", "City": "Salem", "State": "MO", "Zip Code": 65560, "Phone": "(573) 729-6151", "Latitude": 37.634210257157399, "Longitude": -91.546186029404495 }, "geometry": null },
{ "type": "Feature", "properties": { "ObjectID": 73, "Retailor Name": "Walmart Supercenter", "Street": "1150 US-60", "City": "Republic", "State": "MO", "Zip Code": 65738, "Phone": "(417) 732-1473", "Latitude": 37.1278207, "Longitude": -93.458835560096105 }, "geometry": null },
{ "type": "Feature", "properties": { "ObjectID": 74, "Retailor Name": "Walmart Supercenter", "Street": "301 E Cooper Blvd", "City": "Warrensburg", "State": "MO", "Zip Code": 64093, "Phone": "(660) 747-1505", "Latitude": 38.780627881539502, "Longitude": -93.735298098713002 }, "geometry": null },
{ "type": "Feature", "properties": { "ObjectID": 75, "Retailor Name": "Walmart Supercenter", "Street": "2150 Main St", "City": "Boonville", "State": "MO", "Zip Code": 65233, "Phone": "(660) 882-7422", "Latitude": 38.951329051199799, "Longitude": -92.739721798713006 }, "geometry": null },
{ "type": "Feature", "properties": { "ObjectID": 76, "Retailor Name": "Walmart Supercenter", "Street": "2825 N Kansas Expy", "City": "Springfield", "State": "MO", "Zip Code": 65803, "Phone": "(417) 865-8865", "Latitude": 37.248802477546498, "Longitude": -93.313762660096103 }, "geometry": null },
{ "type": "Feature", "properties": { "ObjectID": 77, "Retailor Name": "Walmart Supercenter", "Street": "855 Cherokee Dr", "City": "Marshall", "State": "MO", "Zip Code": 65340, "Phone": "(660) 886-6852", "Latitude": 39.111544002343102, "Longitude": -93.216334568021495 }, "geometry": null },
{ "type": "Feature", "properties": { "ObjectID": 78, "Retailor Name": "Walmart Supercenter", "Street": "14740 MO-38", "City": "Marshall", "State": "MO", "Zip Code": 65706, "Phone": "(417) 468-6116", "Latitude": 37.338119658615497, "Longitude": -92.939985090787602 }, "geometry": null },
{ "type": "Feature", "properties": { "ObjectID": 79, "Retailor Name": "Walmart Supercenter", "Street": "1303 S Main St", "City": "Sikeston", "State": "MO", "Zip Code": 63801, "Phone": "(573) 472-3020", "Latitude": 36.856799647482703, "Longitude": -89.585923368021398 }, "geometry": null },
{ "type": "Feature", "properties": { "ObjectID": 80, "Retailor Name": "Walmart Supercenter", "Street": "2623 W 7th St", "City": "Joplin", "State": "MO", "Zip Code": 64801, "Phone": "(417) 206-4644", "Latitude": 37.086984331095003, "Longitude": -94.545827498712995 }, "geometry": null },
{ "type": "Feature", "properties": { "ObjectID": 81, "Retailor Name": "Walmart Supercenter", "Street": "1003 W Newton St", "City": "Versailles", "State": "MO", "Zip Code": 65084, "Phone": "(573) 378-4668", "Latitude": 38.434116000708897, "Longitude": -92.858765368021395 }, "geometry": null },
{ "type": "Feature", "properties": { "ObjectID": 82, "Retailor Name": "Walmart Supercenter", "Street": "3200 Lusk Dr", "City": "Neosho", "State": "MO", "Zip Code": 64850, "Phone": "(417) 451-5544", "Latitude": 36.839163392194799, "Longitude": -94.397400129404502 }, "geometry": null },
{ "type": "Feature", "properties": { "ObjectID": 83, "Retailor Name": "Walmart Supercenter", "Street": "3001 W Broadway", "City": "Columbia", "State": "MO", "Zip Code": 65203, "Phone": "(573) 445-9506", "Latitude": 38.957023456562901, "Longitude": -92.382356168021403 }, "geometry": null },
{ "type": "Feature", "properties": { "ObjectID": 84, "Retailor Name": "Walmart Supercenter", "Street": "1101 Branson Hills Pkwy", "City": "Branson", "State": "MO", "Zip Code": 65616, "Phone": "(417) 334-2137", "Latitude": 36.6699439, "Longitude": -93.229940560095997 }, "geometry": null },
{ "type": "Feature", "properties": { "ObjectID": 85, "Retailor Name": "Walmart Supercenter", "Street": "3520 W Sunshine St", "City": "Springfield", "State": "MO", "Zip Code": 65807, "Phone": "(417) 862-7447", "Latitude": 37.180629384280998, "Longitude": -93.352626760096101 }, "geometry": null },
{ "type": "Feature", "properties": { "ObjectID": 86, "Retailor Name": "Walmart Supercenter", "Street": "3410 SW Market St", "City": "Lee's Summit", "State": "MO", "Zip Code": 64082, "Phone": "(816) 623-3245", "Latitude": 38.857023562477998, "Longitude": -94.378194798712997 }, "geometry": null },
{ "type": "Feature", "properties": { "ObjectID": 87, "Retailor Name": "Walmart Supercenter", "Street": "1401 Old Exeter Rd", "City": "Cassville", "State": "MO", "Zip Code": 65625, "Phone": "(417) 847-3138", "Latitude": 36.676996187648001, "Longitude": -93.889947368021495 }, "geometry": null },
{ "type": "Feature", "properties": { "ObjectID": 88, "Retailor Name": "Walmart Supercenter", "Street": "1102 N Massey Blvd", "City": "Nixa", "State": "MO", "Zip Code": 65714, "Phone": "(417) 724-1097", "Latitude": 37.060912015161101, "Longitude": -93.298753537329901 }, "geometry": null },
{ "type": "Feature", "properties": { "ObjectID": 89, "Retailor Name": "Walmart Supercenter", "Street": "937 Park Cir Dr", "City": "Brookfield", "State": "MO", "Zip Code": 64628, "Phone": "(660) 258-7416", "Latitude": 39.768094172918403, "Longitude": -93.072740529404498 }, "geometry": null },
{ "type": "Feature", "properties": { "ObjectID": 90, "Retailor Name": "Walmart Supercenter", "Street": "4820 S Clark St", "City": "Mexico", "State": "MO", "Zip Code": 65265, "Phone": "(573) 581-4500", "Latitude": 39.120337832151201, "Longitude": -91.890974598713001 }, "geometry": null },
{ "type": "Feature", "properties": { "ObjectID": 91, "Retailor Name": "Walmart Supercenter", "Street": "3315 S Campbell Ave", "City": "Springfield", "State": "MO", "Zip Code": 65807, "Phone": "(417) 887-0855", "Latitude": 37.153585217575099, "Longitude": -93.298925198712993 }, "geometry": null },
{ "type": "Feature", "properties": { "ObjectID": 92, "Retailor Name": "Walmart Supercenter", "Street": "500 W Mt Vernon Blvd", "City": "Mt Vernon", "State": "MO", "Zip Code": 65712, "Phone": "(417) 461-7005", "Latitude": 37.091775006454299, "Longitude": -93.825850868021405 }, "geometry": null },
{ "type": "Feature", "properties": { "ObjectID": 93, "Retailor Name": "Walmart Supercenter", "Street": "1310 Preacher Roe Blvd", "City": "West Plains", "State": "MO", "Zip Code": 65775, "Phone": "(417) 257-2800", "Latitude": 36.714580607920297, "Longitude": -91.870556198713004 }, "geometry": null },
{ "type": "Feature", "properties": { "ObjectID": 94, "Retailor Name": "Walmart Supercenter", "Street": "2100 N Main Ave", "City": "Mountain Grove", "State": "MO", "Zip Code": 65711, "Phone": "(417) 926-5107", "Latitude": 37.1498985, "Longitude": -92.260036460096103 }, "geometry": null },
{ "type": "Feature", "properties": { "ObjectID": 95, "Retailor Name": "Walmart Supercenter", "Street": "2021 E Independence St", "City": "Springfield", "State": "MO", "Zip Code": 65804, "Phone": "(417) 886-8209", "Latitude": 37.143888665128699, "Longitude": -93.258482398712999 }, "geometry": null },
{ "type": "Feature", "properties": { "ObjectID": 96, "Retailor Name": "Walmart Supercenter", "Street": "1500 1st St", "City": "Kennett", "State": "MO", "Zip Code": 63857, "Phone": "(573) 888-2084", "Latitude": 36.239185337129499, "Longitude": -90.037551829404507 }, "geometry": null },
{ "type": "Feature", "properties": { "ObjectID": 97, "Retailor Name": "Walmart Supercenter", "Street": "1309 NW 12th Ave", "City": "Ava", "State": "MO", "Zip Code": 65608, "Phone": "(417) 683-4194", "Latitude": 36.959686751561499, "Longitude": -92.676061745255296 }, "geometry": null },
{ "type": "Feature", "properties": { "ObjectID": 98, "Retailor Name": "Walmart Supercenter", "Street": "94 Cecil St", "City": "Camdenton", "State": "MO", "Zip Code": 65020, "Phone": "(573) 346-3588", "Latitude": 38.0258149353471, "Longitude": -92.723176029404499 }, "geometry": null },
{ "type": "Feature", "properties": { "ObjectID": 99, "Retailor Name": "Walmart Supercenter", "Street": "2000 N Walnut St", "City": "Cameron", "State": "MO", "Zip Code": 64429, "Phone": "(816) 632-9900", "Latitude": 39.758161299999898, "Longitude": -94.231819329404502 }, "geometry": null },
{ "type": "Feature", "properties": { "ObjectID": 100, "Retailor Name": "Walmart", "Street": "100 Ozark Dr", "City": "Cuba", "State": "MO", "Zip Code": 65453, "Phone": "(573) 885-2501", "Latitude": 38.0732525, "Longitude": -91.401633606638399 }, "geometry": null },
{ "type": "Feature", "properties": { "ObjectID": 101, "Retailor Name": "Walmart", "Street": "1802 S Business 54", "City": "Eldon", "State": "MO", "Zip Code": 65026, "Phone": "(573) 392-3114", "Latitude": 38.335726524339997, "Longitude": -92.583951060096098 }, "geometry": null },
{ "type": "Feature", "properties": { "ObjectID": 102, "Retailor Name": "Walmart", "Street": "101 US-60", "City": "Mountain View", "State": "MO", "Zip Code": 65548, "Phone": "(417) 934-6000", "Latitude": 37.002982469585, "Longitude": -91.706286268021501 }, "geometry": null },
{ "type": "Feature", "properties": { "ObjectID": 103, "Retailor Name": "Walmart", "Street": "1250 W Dallas St", "City": "Buffalo", "State": "MO", "Zip Code": 65622, "Phone": "(417) 345-6166", "Latitude": 37.639277200824701, "Longitude": -93.105996868021506 }, "geometry": null },
{ "type": "Feature", "properties": { "ObjectID": 104, "Retailor Name": "Jefferson City Walmart Supercenter", "Street": "2525 Missouri Blvd, 724 W Stadium Blvd", "City": "Jefferson City", "State": "MO", "Zip Code": 65109, "Phone": "(573) 635-8283", "Latitude": 38.580290003175598, "Longitude": -92.219604921479103 }, "geometry": null },
{ "type": "Feature", "properties": { "ObjectID": 105, "Retailor Name": "Walmart", "Street": "333 E Walnut St", "City": "Thayer", "State": "MO", "Zip Code": 65791, "Phone": "(417) 264-7195", "Latitude": 36.525239666216898, "Longitude": -91.532826629404596 }, "geometry": null },
{ "type": "Feature", "properties": { "ObjectID": 106, "Retailor Name": "Walmart", "Street": "1007 N Douglass", "City": "Malden", "State": "MO", "Zip Code": 63863, "Phone": "(573) 276-5735", "Latitude": 36.570476532766101, "Longitude": -89.972450798712998 }, "geometry": null },
{ "type": "Feature", "properties": { "ObjectID": 107, "Retailor Name": "Walmart Supercenter", "Street": "333 S Westwood Blvd", "City": "Poplar Bluff", "State": "MO", "Zip Code": 63901, "Phone": "(573) 686-6420", "Latitude": 36.755512965676402, "Longitude": -90.411604968021507 }, "geometry": null },
{ "type": "Feature", "properties": { "ObjectID": 108, "Retailor Name": "Walmart Supercenter", "Street": "4252 US-54", "City": "Osage Beach", "State": "MO", "Zip Code": 65065, "Phone": "(573) 348-6445", "Latitude": 38.1494005, "Longitude": -92.615707045255306 }, "geometry": null },
{ "type": "Feature", "properties": { "ObjectID": 109, "Retailor Name": "Walmart Supercenter", "Street": "1750 S Perryville Blvd", "City": "Perryville", "State": "MO", "Zip Code": 63775, "Phone": "(573) 547-2577", "Latitude": 37.7059521298088, "Longitude": -89.896052929404505 }, "geometry": null },
{ "type": "Feature", "properties": { "ObjectID": 110, "Retailor Name": "Walmart Supercenter", "Street": "8551 N Boardwalk Ave", "City": "Kansas City", "State": "MO", "Zip Code": 64154, "Phone": "(816) 741-1099", "Latitude": 39.2503922, "Longitude": -94.654560498712996 }, "geometry": null },
{ "type": "Feature", "properties": { "ObjectID": 111, "Retailor Name": "Schnucks Oak Grove Village", "Street": "375 MO-185", "City": "Sullivan", "State": "MO", "Zip Code": 63080, "Phone": "(573) 468-4191", "Latitude": 38.221778270836197, "Longitude": -91.1512878278362 }, "geometry": null },
{ "type": "Feature", "properties": { "ObjectID": 112, "Retailor Name": "Schnucks Jefferson City", "Street": "1801 Missouri Blvd", "City": "Jefferson City", "State": "MO", "Zip Code": 65109, "Phone": "(573) 635-4666", "Latitude": 38.579453182190399, "Longitude": -92.199540949121996 }, "geometry": null },
{ "type": "Feature", "properties": { "ObjectID": 113, "Retailor Name": "Schnucks Union", "Street": "401 Central Ave", "City": "Union", "State": "MO", "Zip Code": 63084, "Phone": "(636) 583-2181", "Latitude": 38.455894527102402, "Longitude": -91.004924931286894 }, "geometry": null },
{ "type": "Feature", "properties": { "ObjectID": 114, "Retailor Name": "Schnucks Washington", "Street": "2073 Washington Crossing", "City": "Washington", "State": "MO", "Zip Code": 63090, "Phone": "(636) 239-3577", "Latitude": 38.535772996363697, "Longitude": -91.008329050179 }, "geometry": null },
{ "type": "Feature", "properties": { "ObjectID": 115, "Retailor Name": "Schnucks Warrenton", "Street": "499 E Veterans Memorial Pkwy", "City": "Warrenton", "State": "MO", "Zip Code": 63383, "Phone": "(636) 456-1036", "Latitude": 38.8200282028019, "Longitude": -91.144447258741195 }, "geometry": null },
{ "type": "Feature", "properties": { "ObjectID": 116, "Retailor Name": "Schnucks Battle Crossing", "Street": "5410 Clark Ln", "City": "Columbia", "State": "MO", "Zip Code": 65202, "Phone": "(573) 514-6988", "Latitude": 38.962456549407896, "Longitude": -92.2549673898408 }, "geometry": null },
{ "type": "Feature", "properties": { "ObjectID": 117, "Retailor Name": "Schnucks Columbia", "Street": "1400 Forum Blvd", "City": "Columbia", "State": "MO", "Zip Code": 65203, "Phone": "(573) 446-2800", "Latitude": 38.937300147253701, "Longitude": -92.358670981802803 }, "geometry": null },
{ "type": "Feature", "properties": { "ObjectID": 118, "Retailor Name": "Schnucks Providence", "Street": "111 S Providence Rd", "City": "Columbia", "State": "MO", "Zip Code": 65203, "Phone": "(573) 442-2128", "Latitude": 38.9502081607069, "Longitude": -92.335563408508904 }, "geometry": null },
{ "type": "Feature", "properties": { "ObjectID": 119, "Retailor Name": "Schnucks Eureka Pointe", "Street": "245 E 5th St", "City": "Eureka", "State": "MO", "Zip Code": 63025, "Phone": "(636) 938-4102", "Latitude": 38.507152547678203, "Longitude": -90.620007647051494 }, "geometry": null },
{ "type": "Feature", "properties": { "ObjectID": 120, "Retailor Name": "Schnucks Farmington", "Street": "942 Valley Creek Dr", "City": "Farmington", "State": "MO", "Zip Code": 63640, "Phone": "(573) 664-5200", "Latitude": 37.793854179438, "Longitude": -90.441837101680093 }, "geometry": null },
{ "type": "Feature", "properties": { "ObjectID": 121, "Retailor Name": "Schnucks Wentzville Crossing", "Street": "1960 Wentzville Pkwy", "City": "Wentzville", "State": "MO", "Zip Code": 63385, "Phone": "(636) 332-8468", "Latitude": 38.814210360759702, "Longitude": -90.874031819894199 }, "geometry": null },
{ "type": "Feature", "properties": { "ObjectID": 122, "Retailor Name": "Schnucks Wildwood", "Street": "16580 Manchester Rd", "City": "Wildwood", "State": "MO", "Zip Code": 63040, "Phone": "(636) 458-5544", "Latitude": 38.580299990416897, "Longitude": -90.617720022180606 }, "geometry": null },
{ "type": "Feature", "properties": { "ObjectID": 123, "Retailor Name": "Schnucks Dillon", "Street": "20 Dillon Plaza Dr", "City": "High Ridge", "State": "MO", "Zip Code": 63049, "Phone": "(636) 677-0061", "Latitude": 38.477967496320197, "Longitude": -90.521372052967806 }, "geometry": null },
{ "type": "Feature", "properties": { "ObjectID": 124, "Retailor Name": "Schnucks Festus", "Street": "1181 W Gannon Dr", "City": "Festus", "State": "MO", "Zip Code": 63028, "Phone": "(636) 937-3339", "Latitude": 38.2103101894064, "Longitude": -90.401913200223504 }, "geometry": null },
{ "type": "Feature", "properties": { "ObjectID": 125, "Retailor Name": "Schnucks Lake Saint Louis", "Street": "101 Civic Center Dr", "City": "Lake St. Louis", "State": "MO", "Zip Code": 63367, "Phone": "(636) 561-1922", "Latitude": 38.784561466383003, "Longitude": -90.796478740608407 }, "geometry": null },
{ "type": "Feature", "properties": { "ObjectID": 126, "Retailor Name": "Schnucks Town Square", "Street": "7909 State Rte N", "City": "Dardenne Prairie", "State": "MO", "Zip Code": 63368, "Phone": "(636) 561-4650", "Latitude": 38.768845093618999, "Longitude": -90.766223641331294 }, "geometry": null },
{ "type": "Feature", "properties": { "ObjectID": 127, "Retailor Name": "Schnucks Ballwin", "Street": "15425 Manchester Rd", "City": "Ballwin", "State": "MO", "Zip Code": 63011, "Phone": "(636) 256-0644", "Latitude": 38.593581804293699, "Longitude": -90.562756592153704 }, "geometry": null },
{ "type": "Feature", "properties": { "ObjectID": 128, "Retailor Name": "Schnucks Monticello", "Street": "3740 Monticello Plaza Drive", "City": "O'Fallon", "State": "MO", "Zip Code": 63368, "Phone": "(636) 300-0630", "Latitude": 38.732758602487202, "Longitude": -90.689622801930298 }, "geometry": null },
{ "type": "Feature", "properties": { "ObjectID": 129, "Retailor Name": "Schnucks Kehrs Mill", "Street": "2511 Kehrs Mill Rd", "City": "Chesterfield", "State": "MO", "Zip Code": 63017, "Phone": "(636) 207-3401", "Latitude": 38.6206817539599, "Longitude": -90.581970948331104 }, "geometry": null },
{ "type": "Feature", "properties": { "ObjectID": 130, "Retailor Name": "Schnucks Dardenne Crossing", "Street": "3029 State Hwy K", "City": "O'Fallon", "State": "MO", "Zip Code": 63368, "Phone": "(636) 240-6868", "Latitude": 38.755812634659897, "Longitude": -90.703860865140001 }, "geometry": null },
{ "type": "Feature", "properties": { "ObjectID": 131, "Retailor Name": "Schnucks Twin Oaks", "Street": "1393 Big Bend Rd Ste 1", "City": "Ballwin", "State": "MO", "Zip Code": 63021, "Phone": "(636) 225-3777", "Latitude": 38.569461796767897, "Longitude": -90.4985027530536 }, "geometry": null },
{ "type": "Feature", "properties": { "ObjectID": 132, "Retailor Name": "Schnucks Fenton", "Street": "45 Gravois Bluffs Plaza Dr", "City": "Fenton", "State": "MO", "Zip Code": 63026, "Phone": "(636) 343-1216", "Latitude": 38.5076212359293, "Longitude": -90.447499305591506 }, "geometry": null },
{ "type": "Feature", "properties": { "ObjectID": 133, "Retailor Name": "Schnucks Richardson Road", "Street": "3900 Vogel Rd", "City": "Arnold", "State": "MO", "Zip Code": 63010, "Phone": "(636) 282-3377", "Latitude": 38.416047211106402, "Longitude": -90.394631581850106 }, "geometry": null },
{ "type": "Feature", "properties": { "ObjectID": 134, "Retailor Name": "Schnucks O'Fallon", "Street": "8660 Veterans Memorial Pkwy", "City": "O'Fallon", "State": "MO", "Zip Code": 63366, "Phone": "(636) 978-3566", "Latitude": 38.799036049450798, "Longitude": -90.698573895094 }, "geometry": null },
{ "type": "Feature", "properties": { "ObjectID": 135, "Retailor Name": "Schnucks Cottleville", "Street": "6083 Mid Rivers Mall Dr", "City": "St Charles", "State": "MO", "Zip Code": 63304, "Phone": "(636) 498-0108", "Latitude": 38.7455316305618, "Longitude": -90.636885137518803 }, "geometry": null },
{ "type": "Feature", "properties": { "ObjectID": 136, "Retailor Name": "Schnucks Chesterfield", "Street": "141 Hilltown Village Center", "City": "Chesterfield", "State": "MO", "Zip Code": 63017, "Phone": "(636) 532-2505", "Latitude": 38.659094605296403, "Longitude": -90.553257813347301 }, "geometry": null },
{ "type": "Feature", "properties": { "ObjectID": 137, "Retailor Name": "Schnucks Woods Mill", "Street": "1060 Woods Mill Rd", "City": "Town and Country", "State": "MO", "Zip Code": 63017, "Phone": "(636) 227-2278", "Latitude": 38.6228567481159, "Longitude": -90.513641306545395 }, "geometry": null },
{ "type": "Feature", "properties": { "ObjectID": 138, "Retailor Name": "Schnucks Water Tower", "Street": "1253 Water Tower Pl", "City": "Arnold", "State": "MO", "Zip Code": 63010, "Phone": "(636) 296-7050", "Latitude": 38.439256899114703, "Longitude": -90.3753148131713 }, "geometry": null },
{ "type": "Feature", "properties": { "ObjectID": 139, "Retailor Name": "Schnucks Harvester", "Street": "Plaza 94", "City": "St Peters", "State": "MO", "Zip Code": 63376, "Phone": "(636) 928-1623", "Latitude": 38.749128522550699, "Longitude": -90.592031357672795 }, "geometry": null },
{ "type": "Feature", "properties": { "ObjectID": 140, "Retailor Name": "Schnucks Mid Rivers", "Street": "577 Mid Rivers Mall Dr", "City": "St Peters", "State": "MO", "Zip Code": 63376, "Phone": "(636) 970-2570", "Latitude": 38.787223696065197, "Longitude": -90.628204242221699 }, "geometry": null },
{ "type": "Feature", "properties": { "ObjectID": 141, "Retailor Name": "Schnucks Harvester Square", "Street": "60 Harvester Square", "City": "St Charles", "State": "MO", "Zip Code": 63303, "Phone": "(636) 441-5900", "Latitude": 38.746373644584601, "Longitude": -90.576470303249096 }, "geometry": null },
{ "type": "Feature", "properties": { "ObjectID": 142, "Retailor Name": "Schnucks Des Peres", "Street": "12332 Manchesther Rd", "City": "St. Louis", "State": "MO", "Zip Code": 63131, "Phone": "(314) 965-3094", "Latitude": 38.601616293130803, "Longitude": -90.442049403011794 }, "geometry": null },
{ "type": "Feature", "properties": { "ObjectID": 143, "Retailor Name": "Schnucks Butler Hill", "Street": "4333 Butler Hill Rd", "City": "St. Louis", "State": "MO", "Zip Code": 63128, "Phone": "(314) 894-1227", "Latitude": 38.487319593316798, "Longitude": -90.358730563878595 }, "geometry": null },
{ "type": "Feature", "properties": { "ObjectID": 144, "Retailor Name": "Schnucks Mason", "Street": "12756 Olive Blvd", "City": "St. Louis", "State": "MO", "Zip Code": 63141, "Phone": "(314) 434-7323", "Latitude": 38.6783662951051, "Longitude": -90.4731031378453 }, "geometry": null },
{ "type": "Feature", "properties": { "ObjectID": 145, "Retailor Name": "Schnucks Concord Village", "Street": "5434 Southfield Center", "City": "St. Louis", "State": "MO", "Zip Code": 63123, "Phone": "(314) 849-1815", "Latitude": 38.526147150984201, "Longitude": -90.359041996440496 }, "geometry": null },
{ "type": "Feature", "properties": { "ObjectID": 146, "Retailor Name": "Schnucks Crestwood", "Street": "9540 Watson Rd", "City": "Sappington", "State": "MO", "Zip Code": 63126, "Phone": "(314) 849-0341", "Latitude": 38.557104631076001, "Longitude": -90.378810613789 }, "geometry": null },
{ "type": "Feature", "properties": { "ObjectID": 147, "Retailor Name": "Schnucks Kirkwood", "Street": "10233 Manchester Rd", "City": "St. Louis", "State": "MO", "Zip Code": 63122, "Phone": "(314) 965-7310", "Latitude": 38.602247856331502, "Longitude": -90.396154159606894 }, "geometry": null },
{ "type": "Feature", "properties": { "ObjectID": 148, "Retailor Name": "Schnucks Telegraph", "Street": "5519 Oakville Shopping Center", "City": "St. Louis", "State": "MO", "Zip Code": 63129, "Phone": "(314) 892-6401", "Latitude": 38.472722524679, "Longitude": -90.307092671358404 }, "geometry": null },
{ "type": "Feature", "properties": { "ObjectID": 149, "Retailor Name": "Schnucks Lindbergh", "Street": "10275 Clayton Rd", "City": "Clayton", "State": "MO", "Zip Code": 63124, "Phone": "(314) 991-0510", "Latitude": 38.634293982630801, "Longitude": -90.404825218091503 }, "geometry": null },
{ "type": "Feature", "properties": { "ObjectID": 150, "Retailor Name": "Schnucks Zumbehl", "Street": "1950 Zumbehl Rd", "City": "St Charles", "State": "MO", "Zip Code": 63303, "Phone": "(636) 947-8422", "Latitude": 38.780986805428697, "Longitude": -90.529845117059693 }, "geometry": null },
{ "type": "Feature", "properties": { "ObjectID": 151, "Retailor Name": "Schnucks Affton", "Street": "10070 Gravois Ave", "City": "St. Louis", "State": "MO", "Zip Code": 63123, "Phone": "(314) 631-8220", "Latitude": 38.549312470144898, "Longitude": -90.336190856148505 }, "geometry": null },
{ "type": "Feature", "properties": { "ObjectID": 152, "Retailor Name": "Schnucks Webster Groves", "Street": "8650 Big Bend Blvd", "City": "St. Louis", "State": "MO", "Zip Code": 63119, "Phone": "(314) 961-0555", "Latitude": 38.5827624927839, "Longitude": -90.356629364087098 }, "geometry": null },
{ "type": "Feature", "properties": { "ObjectID": 153, "Retailor Name": "Schnucks Dorsett", "Street": "2030 Dorsett Rd", "City": "Maryland Heights", "State": "MO", "Zip Code": 63043, "Phone": "(314) 434-3147", "Latitude": 38.715971267442399, "Longitude": -90.456212954755102 }, "geometry": null },
{ "type": "Feature", "properties": { "ObjectID": 154, "Retailor Name": "Schnucks Creve Coeur", "Street": "10650 Olive Blvd", "City": "Creve Coeur", "State": "MO", "Zip Code": 63141, "Phone": "(314) 567-3838", "Latitude": 38.672403992144098, "Longitude": -90.414137366005207 }, "geometry": null },
{ "type": "Feature", "properties": { "ObjectID": 155, "Retailor Name": "Schnucks Lindenwood", "Street": "1900 1st Capitol Dr", "City": "St Charles", "State": "MO", "Zip Code": 63301, "Phone": "(636) 946-0123", "Latitude": 38.782369440829797, "Longitude": -90.501085983158703 }, "geometry": null },
{ "type": "Feature", "properties": { "ObjectID": 156, "Retailor Name": "Schnucks Brentwood", "Street": "8800 Manchesther Rd", "City": "Brentwood", "State": "MO", "Zip Code": 63144, "Phone": "(314) 961-5454", "Latitude": 38.611385165491498, "Longitude": -90.350279769342194 }, "geometry": null },
{ "type": "Feature", "properties": { "ObjectID": 157, "Retailor Name": "Schnucks Lemay", "Street": "1032 Lemay Ferry Rd", "City": "Lemay Township", "State": "MO", "Zip Code": 63125, "Phone": "(314) 544-2505", "Latitude": 38.533986120400797, "Longitude": -90.284032080054899 }, "geometry": null },
{ "type": "Feature", "properties": { "ObjectID": 158, "Retailor Name": "Schnucks Gravois", "Street": "7450 Hampton Ave", "City": "St. Louis", "State": "MO", "Zip Code": 63109, "Phone": "(314) 832-3440", "Latitude": 38.565634685603001, "Longitude": -90.29351226352 }, "geometry": null },
{ "type": "Feature", "properties": { "ObjectID": 159, "Retailor Name": "Schnucks Ladue", "Street": "8867 Laude Rd", "City": "St. Louis", "State": "MO", "Zip Code": 63124, "Phone": "(314) 725-7574", "Latitude": 38.656221963062201, "Longitude": -90.354096424153596 }, "geometry": null },
{ "type": "Feature", "properties": { "ObjectID": 160, "Retailor Name": "Schnucks Maplewood", "Street": "7355 Manchester Rd", "City": "Maplewood", "State": "MO", "Zip Code": 63143, "Phone": "(314) 644-7825", "Latitude": 38.614096264165603, "Longitude": -90.319162620767898 }, "geometry": null },
{ "type": "Feature", "properties": { "ObjectID": 161, "Retailor Name": "Schnucks Market Place", "Street": "1000 Columbia Center Dr", "City": "Columbia", "State": "IL", "Zip Code": 62236, "Phone": "(618) 281-6300", "Latitude": 38.444468916859798, "Longitude": -90.220741199561402 }, "geometry": null },
{ "type": "Feature", "properties": { "ObjectID": 162, "Retailor Name": "Schnucks Hampton Village", "Street": "60 Hampton Village Plaza", "City": "St. Louis", "State": "MO", "Zip Code": 63109, "Phone": "(314) 353-5060", "Latitude": 38.591702758683397, "Longitude": -90.293278111783906 }, "geometry": null },
{ "type": "Feature", "properties": { "ObjectID": 163, "Retailor Name": "Schnucks Overland", "Street": "9074 Overland Plaza", "City": "Overland", "State": "MO", "Zip Code": 63114, "Phone": "(314) 426-3800", "Latitude": 38.6852203676874, "Longitude": -90.359259675105093 }, "geometry": null },
{ "type": "Feature", "properties": { "ObjectID": 164, "Retailor Name": "Schnucks Bridgeton", "Street": "11253 St Charles Rock Rd", "City": "Bridgeton", "State": "MO", "Zip Code": 63044, "Phone": "(314) 738-0677", "Latitude": 38.740729713771401, "Longitude": -90.400453973237106 }, "geometry": null },
{ "type": "Feature", "properties": { "ObjectID": 165, "Retailor Name": "Schnucks Richmond Center", "Street": "6600 Clayton Rd", "City": "Clayton", "State": "MO", "Zip Code": 63117, "Phone": "(314) 644-0510", "Latitude": 38.6332765316983, "Longitude": -90.314854229559799 }, "geometry": null },
{ "type": "Feature", "properties": { "ObjectID": 166, "Retailor Name": "Schnucks Loughborough", "Street": "1020 Loughborough Dr", "City": "St. Louis", "State": "MO", "Zip Code": 63111, "Phone": "(314) 752-5333", "Latitude": 38.5564998774719, "Longitude": -90.263194031647799 }, "geometry": null },
{ "type": "Feature", "properties": { "ObjectID": 167, "Retailor Name": "Schnucks Waterloo", "Street": "150 Waterloo Commons Dr", "City": "Waterloo", "State": "IL", "Zip Code": 62298, "Phone": "(618) 939-6155", "Latitude": 38.3527437920593, "Longitude": -90.152857929499802 }, "geometry": null },
{ "type": "Feature", "properties": { "ObjectID": 168, "Retailor Name": "Schnucks St John", "Street": "9070 St Charles Rock Rd", "City": "St. Louis", "State": "MO", "Zip Code": 63114, "Phone": "(314) 427-7066", "Latitude": 38.711541330079399, "Longitude": -90.354329436837602 }, "geometry": null },
{ "type": "Feature", "properties": { "ObjectID": 169, "Retailor Name": "Schnucks University City", "Street": "6920 Olive Blvd", "City": "St. Louis", "State": "MO", "Zip Code": 63130, "Phone": "(314) 726-2373", "Latitude": 38.6634228946577, "Longitude": -90.314484448531502 }, "geometry": null },
{ "type": "Feature", "properties": { "ObjectID": 170, "Retailor Name": "Schnucks Arsenal", "Street": "5055 Arsenal St", "City": "St. Louis", "State": "MO", "Zip Code": 63139, "Phone": "(314) 771-5008", "Latitude": 38.606923439681999, "Longitude": -90.274065020159796 }, "geometry": null },
{ "type": "Feature", "properties": { "ObjectID": 171, "Retailor Name": "Schnucks South City", "Street": "3430 S Grand Blvd", "City": "St. Louis", "State": "MO", "Zip Code": 63118, "Phone": "(314) 772-5500", "Latitude": 38.594869974633099, "Longitude": -90.242496699602995 }, "geometry": null },
{ "type": "Feature", "properties": { "ObjectID": 172, "Retailor Name": "Schnucks Lindell", "Street": "4171 Lindell Blvd", "City": "St. Louis", "State": "MO", "Zip Code": 63108, "Phone": "(314) 533-8027", "Latitude": 38.641784716466603, "Longitude": -90.2472494080411 }, "geometry": null },
{ "type": "Feature", "properties": { "ObjectID": 173, "Retailor Name": "Schnucks City Plaza", "Street": "3431 Union Blvd", "City": "St. Louis", "State": "MO", "Zip Code": 63115, "Phone": "(314) 381-8789", "Latitude": 38.679393435930301, "Longitude": -90.261272708400895 }, "geometry": null },
{ "type": "Feature", "properties": { "ObjectID": 174, "Retailor Name": "Schnucks Florissant", "Street": "8200 N Lindbergh Blvd", "City": "Florissant", "State": "MO", "Zip Code": 63031, "Phone": "(314) 921-7060", "Latitude": 38.789461890414401, "Longitude": -90.344069478665702 }, "geometry": null },
{ "type": "Feature", "properties": { "ObjectID": 175, "Retailor Name": "Schnucks Ferguson", "Street": "49 S Florissant Rd", "City": "St. Louis", "State": "MO", "Zip Code": 63135, "Phone": "(314) 524-8633", "Latitude": 38.7464039942017, "Longitude": -90.306481020810693 }, "geometry": null },
{ "type": "Feature", "properties": { "ObjectID": 176, "Retailor Name": "Schnucks Charbonier", "Street": "2183 Charbonier Rd", "City": "Florissant", "State": "MO", "Zip Code": 63031, "Phone": "(314) 831-0469", "Latitude": 38.810347286454601, "Longitude": -90.359980072142307 }, "geometry": null },
{ "type": "Feature", "properties": { "ObjectID": 177, "Retailor Name": "Schnucks Cahokia", "Street": "1615 Camp Jackson Rd", "City": "Sauget", "State": "IL", "Zip Code": 62206, "Phone": "(618) 332-0060", "Latitude": 38.554871876426098, "Longitude": -90.164839959133602 }, "geometry": null },
{ "type": "Feature", "properties": { "ObjectID": 178, "Retailor Name": "Schnucks Westfall Plaza", "Street": "9037 W Florissant Ave", "City": "St. Louis", "State": "MO", "Zip Code": 63136, "Phone": "(314) 679-2400", "Latitude": 38.730673714261897, "Longitude": -90.276337551241099 }, "geometry": null },
{ "type": "Feature", "properties": { "ObjectID": 179, "Retailor Name": "Schnucks Shackelford", "Street": "1160 Shackelford Rd", "City": "Florissant", "State": "MO", "Zip Code": 63031, "Phone": "(314) 838-4685", "Latitude": 38.812763000195901, "Longitude": -90.346081893293999 }, "geometry": null },
{ "type": "Feature", "properties": { "ObjectID": 180, "Retailor Name": "Schnucks Grandview", "Street": "74 Grandview Plaza Shopping Center", "City": "Florissant", "State": "MO", "Zip Code": 63033, "Phone": "(314) 838-4540", "Latitude": 38.774163930133099, "Longitude": -90.303525096307595 }, "geometry": null },
{ "type": "Feature", "properties": { "ObjectID": 181, "Retailor Name": "Schnucks Downtown", "Street": "315 N 9th St", "City": "St. Louis", "State": "MO", "Zip Code": 63101, "Phone": "(314) 436-7694", "Latitude": 38.629153102504802, "Longitude": -90.194057225681405 }, "geometry": null },
{ "type": "Feature", "properties": { "ObjectID": 182, "Retailor Name": "Schnucks Cross Keys", "Street": "13987 New Halls Ferry Road", "City": "Florissant", "State": "MO", "Zip Code": 63033, "Phone": "(314) 831-0011", "Latitude": 38.8069159397132, "Longitude": -90.301198726093105 }, "geometry": null },
{ "type": "Feature", "properties": { "ObjectID": 183, "Retailor Name": "Schnucks Sierra Vista", "Street": "1589 Sierra Vista Plaza", "City": "St. Louis", "State": "MO", "Zip Code": 63138, "Phone": "(314) 741-0282", "Latitude": 38.772255727971299, "Longitude": -90.219451657730204 }, "geometry": null },
{ "type": "Feature", "properties": { "ObjectID": 184, "Retailor Name": "Schnucks Belleville West", "Street": "5720 N Belt W", "City": "Belleville", "State": "IL", "Zip Code": 62226, "Phone": "(618) 235-6819", "Latitude": 38.540622809584598, "Longitude": -90.034177407548199 }, "geometry": null },
{ "type": "Feature", "properties": { "ObjectID": 185, "Retailor Name": "Schnucks Granite City", "Street": "3100 Madison Ave", "City": "Granite City", "State": "IL", "Zip Code": 62040, "Phone": "(618) 451-0517", "Latitude": 38.7169492698158, "Longitude": -90.123910254797593 }, "geometry": null },
{ "type": "Feature", "properties": { "ObjectID": 186, "Retailor Name": "Schnucks Swansea", "Street": "2665 N Illinois St", "City": "Swansea", "State": "IL", "Zip Code": 62221, "Phone": "(618) 236-1414", "Latitude": 38.543198882526802, "Longitude": -89.985521287652801 }, "geometry": null },
{ "type": "Feature", "properties": { "ObjectID": 187, "Retailor Name": "Schnucks Carlyle Ave", "Street": "800 Carlyle Ave", "City": "Belleville", "State": "IL", "Zip Code": 62221, "Phone": "(618) 257-9130", "Latitude": 38.516187758339797, "Longitude": -89.950222100528805 }, "geometry": null },
{ "type": "Feature", "properties": { "ObjectID": 188, "Retailor Name": "Schnucks Fairview Heights", "Street": "625 Lincoln Hwy", "City": "Fairview Heights", "State": "IL", "Zip Code": 62208, "Phone": "(618) 624-4310", "Latitude": 38.5941102669454, "Longitude": -89.976248649838197 }, "geometry": null },
{ "type": "Feature", "properties": { "ObjectID": 189, "Retailor Name": "Schnucks Godfrey", "Street": "2712 Godfrey Rd", "City": "Godfrey", "State": "IL", "Zip Code": 62035, "Phone": "(618) 466-7060", "Latitude": 38.923487735780299, "Longitude": -90.193835490284798 }, "geometry": null },
{ "type": "Feature", "properties": { "ObjectID": 190, "Retailor Name": "Schnucks Collinsville", "Street": "501 Beltline Rd", "City": "Collinsville", "State": "IL", "Zip Code": 62234, "Phone": "(618) 345-7661", "Latitude": 38.692463731361201, "Longitude": -89.978586508752898 }, "geometry": null },
{ "type": "Feature", "properties": { "ObjectID": 191, "Retailor Name": "Schnucks Alton", "Street": "2811 Homer M Adams Pkwy", "City": "Alton", "State": "IL", "Zip Code": 62002, "Phone": "(618) 465-6673", "Latitude": 38.9140303219705, "Longitude": -90.143794355233197 }, "geometry": null },
{ "type": "Feature", "properties": { "ObjectID": 192, "Retailor Name": "Schnucks Seven Hills", "Street": "907 e Hwy 50", "City": "O'Fallon", "State": "IL", "Zip Code": 62269, "Phone": "(618) 632-5525", "Latitude": 38.583594494962298, "Longitude": -89.896571391490696 }, "geometry": null },
{ "type": "Feature", "properties": { "ObjectID": 193, "Retailor Name": "Schnucks Wood River", "Street": "1900 E Edwards Rd", "City": "Wood River", "State": "IL", "Zip Code": 62095, "Phone": null, "Latitude": 38.856571065671801, "Longitude": -90.0664721153165 }, "geometry": null },
{ "type": "Feature", "properties": { "ObjectID": 194, "Retailor Name": "Schnucks Bethalto", "Street": "72 Airport Plaza", "City": "Bethalto", "State": "IL", "Zip Code": 62010, "Phone": "(618) 377-0235", "Latitude": 38.903107918119602, "Longitude": -90.0585788332573 }, "geometry": null },
{ "type": "Feature", "properties": { "ObjectID": 195, "Retailor Name": "Schnucks Edwardsville", "Street": "2222 Troy Rd", "City": "Edwardsville", "State": "IL", "Zip Code": 62025, "Phone": "(618) 659-0010", "Latitude": 38.7858996816733, "Longitude": -89.948698745503407 }, "geometry": null },
{ "type": "Feature", "properties": { "ObjectID": 196, "Retailor Name": "Schnucks Cape Girardeau", "Street": "19 S Kingshighway", "City": "Cape Giraradeau", "State": "MO", "Zip Code": 63703, "Phone": "(573) 334-9191", "Latitude": 37.305187185963597, "Longitude": -89.554084982864495 }, "geometry": null },
{ "type": "Feature", "properties": { "ObjectID": 197, "Retailor Name": "Schnucks Carbondale", "Street": "915 W Main St", "City": "Carbondale", "State": "IL", "Zip Code": 62901, "Phone": "(618) 351-0463", "Latitude": 37.725159925387899, "Longitude": -89.228883920031393 }, "geometry": null },
{ "type": "Feature", "properties": { "ObjectID": 198, "Retailor Name": "Schnucks Centralia", "Street": "1129 W Broadway", "City": "Centralia", "State": "IL", "Zip Code": 62801, "Phone": "(618) 532-4449", "Latitude": 38.528087100961898, "Longitude": -89.153483798088203 }, "geometry": null },
{ "type": "Feature", "properties": { "ObjectID": 199, "Retailor Name": "Schnucks Montvale", "Street": "2801 Chatham Rd", "City": "Springfield", "State": "IL", "Zip Code": 62704, "Phone": "(217) 698-2980", "Latitude": 39.768095311013099, "Longitude": -89.688863082501598 }, "geometry": null },
{ "type": "Feature", "properties": { "ObjectID": 200, "Retailor Name": "Schnucks Sangamon", "Street": "1911 E Sangamon Ave", "City": "Springfield", "State": "IL", "Zip Code": 62702, "Phone": "(217) 744-2012", "Latitude": 39.833035072117099, "Longitude": -89.629954704938797 }, "geometry": null },
{ "type": "Feature", "properties": { "ObjectID": 201, "Retailor Name": "Schnucks Pekin", "Street": "1001 Court St", "City": "Pekin", "State": "IL", "Zip Code": 61554, "Phone": "(309) 347-6757", "Latitude": 40.5668673690625, "Longitude": -89.636999330978 }, "geometry": null },
{ "type": "Feature", "properties": { "ObjectID": 202, "Retailor Name": "Schnucks Peoria", "Street": "4800 N University St", "City": "Peoria", "State": "IL", "Zip Code": 61614, "Phone": "(309) 690-3242", "Latitude": 40.745792675073297, "Longitude": -89.610252134824805 }, "geometry": null },
{ "type": "Feature", "properties": { "ObjectID": 203, "Retailor Name": "Schnucks Evansville West", "Street": "4500 W Lloyd Expy", "City": "Evansville", "State": "IN", "Zip Code": 47712, "Phone": "(812) 422-6325", "Latitude": 37.975939678056903, "Longitude": -87.630130661156997 }, "geometry": null },
{ "type": "Feature", "properties": { "ObjectID": 204, "Retailor Name": "Schnucks Knoxville Crossing", "Street": "10405 North Centerway Drive", "City": "Peoria", "State": "IL", "Zip Code": 61615, "Phone": "(309) 621-7340", "Latitude": 40.814612083366796, "Longitude": -89.615952222190998 }, "geometry": null },
{ "type": "Feature", "properties": { "ObjectID": 205, "Retailor Name": "Schnucks Evansville North", "Street": "3700 N First Ave", "City": "Evansville", "State": "IN", "Zip Code": 47710, "Phone": "(812) 464-3920", "Latitude": 38.011972349006001, "Longitude": -87.576195736909398 }, "geometry": null },
{ "type": "Feature", "properties": { "ObjectID": 206, "Retailor Name": "Schnucks Bloomington", "Street": "1701 E Empire St", "City": "Bloomington", "State": "IL", "Zip Code": 61704, "Phone": "(309) 662-9300", "Latitude": 40.485215532113003, "Longitude": -88.951061987576296 }, "geometry": null },
{ "type": "Feature", "properties": { "ObjectID": 207, "Retailor Name": "Schnucks Darmstadt", "Street": "600 E Boonville-New Harmony Rd", "City": "Evansville", "State": "IN", "Zip Code": 47725, "Phone": "(812) 464-3500", "Latitude": 38.095757251070403, "Longitude": -87.5530279524707 }, "geometry": null },
{ "type": "Feature", "properties": { "ObjectID": 208, "Retailor Name": "Schnucks Normal", "Street": "1750 Bradford Ln", "City": "Normal", "State": "IL", "Zip Code": 61761, "Phone": "(309) 451-7100", "Latitude": 40.533914870304699, "Longitude": -88.990888971076203 }, "geometry": null },
{ "type": "Feature", "properties": { "ObjectID": 209, "Retailor Name": "Schnucks Green River", "Street": "3501 N Green River Rd", "City": "Evansville", "State": "IN", "Zip Code": 47715, "Phone": "(812) 473-4510", "Latitude": 38.0095439493331, "Longitude": -87.4896031354846 }, "geometry": null },
{ "type": "Feature", "properties": { "ObjectID": 210, "Retailor Name": "Schnucks Lawndale", "Street": "5000 WashingtonAve", "City": "Evansville", "State": "IN", "Zip Code": 47715, "Phone": "(812) 473-0151", "Latitude": 37.962879992931803, "Longitude": -87.490571379623006 }, "geometry": null },
{ "type": "Feature", "properties": { "ObjectID": 211, "Retailor Name": "Schnucks Mahomet", "Street": "202 Eastwood Dr", "City": "Mahomet", "State": "IL", "Zip Code": 61853, "Phone": "(217) 586-1108", "Latitude": 40.196149288900401, "Longitude": -88.395161891104806 }, "geometry": null },
{ "type": "Feature", "properties": { "ObjectID": 212, "Retailor Name": "Schnucks Savoy", "Street": "1301 Savoy Plaza Ln Center", "City": "Savoy", "State": "IL", "Zip Code": 61874, "Phone": "(217) 373-0700", "Latitude": 40.0705136494919, "Longitude": -88.252050064460605 }, "geometry": null },
{ "type": "Feature", "properties": { "ObjectID": 213, "Retailor Name": "Schnucks Newburgh", "Street": "8301 Bell Oaks Dr", "City": "Newburgh", "State": "IN", "Zip Code": 47630, "Phone": "(812) 853-9505", "Latitude": 37.9748556774557, "Longitude": -87.401690828462307 }, "geometry": null },
{ "type": "Feature", "properties": { "ObjectID": 214, "Retailor Name": "Schnucks Champaign", "Street": "109 N Mattis Ave", "City": "Champaign", "State": "IL", "Zip Code": 61821, "Phone": "(217) 351-2600", "Latitude": 40.117010746207797, "Longitude": -88.278813045879502 }, "geometry": null },
{ "type": "Feature", "properties": { "ObjectID": 215, "Retailor Name": "Schnucks Urbana", "Street": "200 N Vine St", "City": "Urbana", "State": "IL", "Zip Code": 61802, "Phone": "(217) 337-6016", "Latitude": 40.113984908259098, "Longitude": -88.202914686331397 }, "geometry": null },
{ "type": "Feature", "properties": { "ObjectID": 216, "Retailor Name": "Schnucks Jasper", "Street": "3605 N Newton St", "City": "Jasper", "State": "IN", "Zip Code": 47546, "Phone": "(812) 817-5320", "Latitude": 38.422907922020102, "Longitude": -86.939780671252606 }, "geometry": null },
{ "type": "Feature", "properties": { "ObjectID": 217, "Retailor Name": "Schnucks Dekalb", "Street": "975 S Annie Glidden Rd", "City": "Dekalb", "State": "IL", "Zip Code": 60115, "Phone": "(815) 748-6200", "Latitude": 41.919699551929, "Longitude": -88.775507013260295 }, "geometry": null },
{ "type": "Feature", "properties": { "ObjectID": 218, "Retailor Name": "Schnucks 11th Street", "Street": "3134 11th St", "City": "Rockford", "State": "IL", "Zip Code": 61109, "Phone": "(815) 398-0440", "Latitude": 42.227806994041401, "Longitude": -89.068882143657504 }, "geometry": null },
{ "type": "Feature", "properties": { "ObjectID": 219, "Retailor Name": "Schnucks Rockford Plaza", "Street": "2642 Charles St", "City": "Rockford", "State": "IL", "Zip Code": 61108, "Phone": "(815) 484-2453", "Latitude": 42.261474919997603, "Longitude": -89.053617601417002 }, "geometry": null },
{ "type": "Feature", "properties": { "ObjectID": 220, "Retailor Name": "Schnucks Cherry Valley", "Street": "2206 Barnes Blvd", "City": "Rockford", "State": "IL", "Zip Code": 61112, "Phone": "(815) 332-7267", "Latitude": 42.242996028193197, "Longitude": -88.976934284671898 }, "geometry": null },
{ "type": "Feature", "properties": { "ObjectID": 221, "Retailor Name": "Schnucks East State", "Street": "6410 E State St", "City": "Rockford", "State": "IL", "Zip Code": 61108, "Phone": "(815) 397-6080", "Latitude": 42.270346749985102, "Longitude": -88.991935754981199 }, "geometry": null },
{ "type": "Feature", "properties": { "ObjectID": 222, "Retailor Name": "Schnucks Loves Park", "Street": "1810 Harlem Rd", "City": "Loves Park", "State": "IL", "Zip Code": 61111, "Phone": "(815) 633-1481", "Latitude": 42.341484496102801, "Longitude": -89.030778015531098 }, "geometry": null },
{ "type": "Feature", "properties": { "ObjectID": 223, "Retailor Name": "Schnucks Roscoe", "Street": "4860 Hononegah Rd", "City": "Roscoe", "State": "IL", "Zip Code": 61073, "Phone": "(815) 623-7799", "Latitude": 42.432511303449203, "Longitude": -89.020168765015299 }, "geometry": null },
{ "type": "Feature", "properties": { "ObjectID": 224, "Retailor Name": "Schnucks Janesville", "Street": "1501 Creston Park Dr", "City": "Janesville", "State": "WI", "Zip Code": 53545, "Phone": "(608) 755-5805", "Latitude": 42.702377570695397, "Longitude": -89.003889505105306 }, "geometry": null },
{ "type": "Feature", "properties": { "ObjectID": 225, "Retailor Name": "Save A Lot", "Street": "840 E High St", "City": "Potosi", "State": "MO", "Zip Code": 63664, "Phone": "(573) 436-0960", "Latitude": 37.929956937991697, "Longitude": -90.773957515693297 }, "geometry": null },
{ "type": "Feature", "properties": { "ObjectID": 226, "Retailor Name": "Save A Lot", "Street": "1370 MO-21", "City": "Ironton", "State": "MO", "Zip Code": 63650, "Phone": "(573) 546-6371", "Latitude": 37.613112165047198, "Longitude": -90.637659884033795 }, "geometry": null },
{ "type": "Feature", "properties": { "ObjectID": 227, "Retailor Name": "Save A Lot", "Street": "140 Vierse Dr.", "City": "Farmington", "State": "MO", "Zip Code": 63640, "Phone": "(573) 756-7272", "Latitude": 37.7795624860806, "Longitude": -90.405829975713104 }, "geometry": null },
{ "type": "Feature", "properties": { "ObjectID": 228, "Retailor Name": "Save A Lot", "Street": "110 Strauss Dr.", "City": "Park Hills", "State": "MO", "Zip Code": 63601, "Phone": "(573) 431-4311", "Latitude": 37.843424599775098, "Longitude": -90.495761895560094 }, "geometry": null },
{ "type": "Feature", "properties": { "ObjectID": 229, "Retailor Name": "Save A Lot", "Street": "3 Northwood Dr", "City": "Bonne Terre", "State": "MO", "Zip Code": 63628, "Phone": "(573) 358-2233", "Latitude": 37.9228500010612, "Longitude": -90.537292198991295 }, "geometry": null },
{ "type": "Feature", "properties": { "ObjectID": 230, "Retailor Name": "Save A Lot", "Street": "2050 Rock Rd.", "City": "De Soto", "State": "MO", "Zip Code": 63020, "Phone": "(636) 586-3105", "Latitude": 38.142471237464001, "Longitude": -90.576834071681304 }, "geometry": null },
{ "type": "Feature", "properties": { "ObjectID": 231, "Retailor Name": "Save A Lot", "Street": "11306 Sav-A-Lot Dr.", "City": "Ste. Genevieve", "State": "MO", "Zip Code": 63670, "Phone": "(573) 883-3909", "Latitude": 37.9655507234393, "Longitude": -90.058591959624707 }, "geometry": null },
{ "type": "Feature", "properties": { "ObjectID": 232, "Retailor Name": "Save A Lot", "Street": "515 Harold Meyer Dr.", "City": "New Haven", "State": "MO", "Zip Code": 63068, "Phone": "(573) 237-2521", "Latitude": 38.601217768178003, "Longitude": -91.223751021972504 }, "geometry": null },
{ "type": "Feature", "properties": { "ObjectID": 233, "Retailor Name": "Save A Lot", "Street": "1100 N Commercial Ave.", "City": "St Clair", "State": "MO", "Zip Code": 63077, "Phone": "(636) 629-1445", "Latitude": 38.355318482364801, "Longitude": -90.975544084574196 }, "geometry": null },
{ "type": "Feature", "properties": { "ObjectID": 234, "Retailor Name": "Save A Lot", "Street": "2700 W Osage St", "City": "Pacific", "State": "MO", "Zip Code": 63069, "Phone": "(636) 257-8333", "Latitude": 38.486138064204802, "Longitude": -90.776736628895506 }, "geometry": null },
{ "type": "Feature", "properties": { "ObjectID": 235, "Retailor Name": "Save A Lot", "Street": "715 W Pearce Blvd", "City": "Wentzville", "State": "MO", "Zip Code": 63385, "Phone": "(636) 327-4000", "Latitude": 38.810690005919199, "Longitude": -90.863906730415394 }, "geometry": null },
{ "type": "Feature", "properties": { "ObjectID": 236, "Retailor Name": "Save A Lot", "Street": "7030 State Hwy BB", "City": "Cedar Hill", "State": "MO", "Zip Code": 63016, "Phone": "(636) 258-5588", "Latitude": 38.353809265563498, "Longitude": -90.646879077089594 }, "geometry": null },
{ "type": "Feature", "properties": { "ObjectID": 237, "Retailor Name": "Save A Lot", "Street": "14795 MO-52", "City": "Versailles", "State": "MO", "Zip Code": 65084, "Phone": "(573) 378-5079", "Latitude": 38.447170883698, "Longitude": -92.7937973966431 }, "geometry": null },
{ "type": "Feature", "properties": { "ObjectID": 238, "Retailor Name": "Save A Lot", "Street": "709 N Business Rte 5", "City": "Camdenton", "State": "MO", "Zip Code": 65020, "Phone": "(573) 346-4525", "Latitude": 38.014042371720599, "Longitude": -92.755170699299597 }, "geometry": null },
{ "type": "Feature", "properties": { "ObjectID": 239, "Retailor Name": "Save A Lot", "Street": "48 Gannon Sq", "City": "Pevely", "State": "MO", "Zip Code": 63070, "Phone": "(314) 873-3134", "Latitude": 38.288906467961802, "Longitude": -90.399434128690203 }, "geometry": null },
{ "type": "Feature", "properties": { "ObjectID": 240, "Retailor Name": "Save A Lot", "Street": "5651 MO-21", "City": "Otto", "State": "MO", "Zip Code": 63052, "Phone": "(314) 960-3674", "Latitude": 38.372804552396502, "Longitude": -90.501316360210794 }, "geometry": null },
{ "type": "Feature", "properties": { "ObjectID": 241, "Retailor Name": "Save A Lot", "Street": "2 Meramec Heights Shopping Center", "City": "Arnold", "State": "MO", "Zip Code": 63010, "Phone": "(636) 282-1763", "Latitude": 38.437852995770399, "Longitude": -90.456797254478104 }, "geometry": null },
{ "type": "Feature", "properties": { "ObjectID": 242, "Retailor Name": "Save A Lot", "Street": "3610 Richardson Square Dr", "City": "Arnold", "State": "MO", "Zip Code": 63010, "Phone": "(636) 464-5339", "Latitude": 38.410009372551102, "Longitude": -90.383720744423201 }, "geometry": null },
{ "type": "Feature", "properties": { "ObjectID": 243, "Retailor Name": "Save A Lot", "Street": "8744 Blue Ridge Blvd", "City": "Kansas City", "State": "MO", "Zip Code": 64138, "Phone": "(816) 838-4671", "Latitude": 38.964274339116201, "Longitude": -94.500502173498106 }, "geometry": null },
{ "type": "Feature", "properties": { "ObjectID": 244, "Retailor Name": "Save A Lot", "Street": "142 Main St", "City": "Forsyth", "State": "MO", "Zip Code": 65653, "Phone": "(417) 546-5446", "Latitude": 36.686267610340998, "Longitude": -93.119037210744906 }, "geometry": null },
{ "type": "Feature", "properties": { "ObjectID": 245, "Retailor Name": "Save A Lot", "Street": "1222 Broadway", "City": "Hannibal", "State": "MO", "Zip Code": 63401, "Phone": "(573) 221-9999", "Latitude": 39.705414144177098, "Longitude": -91.368217293361894 }, "geometry": null },
{ "type": "Feature", "properties": { "ObjectID": 246, "Retailor Name": "Save A Lot", "Street": "451 MO-53 S", "City": "Poplar Bluff", "State": "MO", "Zip Code": 63901, "Phone": "(573) 686-4758", "Latitude": 36.736608665806997, "Longitude": -90.396323826992401 }, "geometry": null },
{ "type": "Feature", "properties": { "ObjectID": 247, "Retailor Name": "Save A Lot", "Street": "2751 Burlington St", "City": "North Kansas City", "State": "MO", "Zip Code": 64116, "Phone": "(816) 824-1262", "Latitude": 39.1490459528437, "Longitude": -94.579609309625397 }, "geometry": null },
{ "type": "Feature", "properties": { "ObjectID": 248, "Retailor Name": "Save A Lot", "Street": "3821 E Truman Rd", "City": "Kansas City", "State": "MO", "Zip Code": 64127, "Phone": "(816) 908-7499", "Latitude": 39.093911534509701, "Longitude": -94.536733316201705 }, "geometry": null },
{ "type": "Feature", "properties": { "ObjectID": 249, "Retailor Name": "Save A Lot", "Street": "121 S Sprigg St", "City": "Cape Girardeau", "State": "MO", "Zip Code": 63703, "Phone": "(573) 335-2122", "Latitude": 37.302384384226997, "Longitude": -89.527676246687804 }, "geometry": null },
{ "type": "Feature", "properties": { "ObjectID": 250, "Retailor Name": "Save A Lot", "Street": "601 S Main St", "City": "Sikeston", "State": "MO", "Zip Code": 63801, "Phone": "(573) 471-4021", "Latitude": 36.874443611157403, "Longitude": -89.579050845914793 }, "geometry": null },
{ "type": "Feature", "properties": { "ObjectID": 251, "Retailor Name": "Save A Lot", "Street": "9430 Midland Blvd", "City": "Overland", "State": "MO", "Zip Code": 63114, "Phone": "(314) 423-1080", "Latitude": 38.706145486225502, "Longitude": -90.362803532288297 }, "geometry": null },
{ "type": "Feature", "properties": { "ObjectID": 252, "Retailor Name": "Save A Lot", "Street": "400 NW Plz Dr", "City": "St Ann", "State": "MO", "Zip Code": 63074, "Phone": "(314) 592-9100", "Latitude": 38.733642118934704, "Longitude": -90.399313601785394 }, "geometry": null },
{ "type": "Feature", "properties": { "ObjectID": 253, "Retailor Name": "Save A Lot", "Street": "8000 St Charles Rock Rd", "City": "St Louis", "State": "MO", "Zip Code": 63114, "Phone": "(314) 423-1931", "Latitude": 38.6991114503696, "Longitude": -90.329317793591997 }, "geometry": null },
{ "type": "Feature", "properties": { "ObjectID": 254, "Retailor Name": "Save A Lot", "Street": "468 Lindberg Blvd", "City": "Florissant", "State": "MO", "Zip Code": 63031, "Phone": "(314) 830-1086", "Latitude": 38.797080934828003, "Longitude": -90.337322730048001 }, "geometry": null },
{ "type": "Feature", "properties": { "ObjectID": 255, "Retailor Name": "Save A Lot", "Street": "1501 S Florissant Rd", "City": "St Louis", "State": "MO", "Zip Code": 63121, "Phone": "(314) 522-1058", "Latitude": 38.7258114411135, "Longitude": -90.3042468993565 }, "geometry": null },
{ "type": "Feature", "properties": { "ObjectID": 256, "Retailor Name": "Save A Lot", "Street": "91 N Oaks Plaza", "City": "St Louis", "State": "MO", "Zip Code": 63121, "Phone": "(314) 383-8493", "Latitude": 38.701331266033797, "Longitude": -90.289586030241395 }, "geometry": null },
{ "type": "Feature", "properties": { "ObjectID": 257, "Retailor Name": "Save A Lot", "Street": "1631 S Jefferson Ave", "City": "St Louis", "State": "MO", "Zip Code": 63104, "Phone": "(314) 776-3217", "Latitude": 38.616050547596899, "Longitude": -90.2217690656679 }, "geometry": null },
{ "type": "Feature", "properties": { "ObjectID": 258, "Retailor Name": "Save A Lot", "Street": "3661 Reavis Barracks Rd", "City": "St Louis", "State": "MO", "Zip Code": 63125, "Phone": "(314) 845-9797", "Latitude": 38.526224097406498, "Longitude": -90.299042580501293 }, "geometry": null },
{ "type": "Feature", "properties": { "ObjectID": 259, "Retailor Name": "Save A Lot", "Street": "4447 Natural Bridge Ave", "City": "St Louis", "State": "MO", "Zip Code": 63115, "Phone": "(314) 382-3809", "Latitude": 38.6707657051751, "Longitude": -90.237487990139002 }, "geometry": null },
{ "type": "Feature", "properties": { "ObjectID": 260, "Retailor Name": "Save A Lot", "Street": "1301 Union Blvd", "City": "St Louis", "State": "MO", "Zip Code": 63113, "Phone": "(314) 454-5735", "Latitude": 38.661860265457001, "Longitude": -90.271987542246606 }, "geometry": null },
{ "type": "Feature", "properties": { "ObjectID": 261, "Retailor Name": "Save A Lot", "Street": "3645 Page Blvd", "City": "St Louis", "State": "MO", "Zip Code": 63113, "Phone": "(314) 289-9056", "Latitude": 38.646838458662401, "Longitude": -90.228769493174198 }, "geometry": null },
{ "type": "Feature", "properties": { "ObjectID": 262, "Retailor Name": "Save A Lot", "Street": "12958 New Halls Ferry Road", "City": "Florissant", "State": "MO", "Zip Code": 63031, "Phone": "(314) 921-9495", "Latitude": 38.792871313328, "Longitude": -90.285332688283901 }, "geometry": null },
{ "type": "Feature", "properties": { "ObjectID": 263, "Retailor Name": "Save A Lot", "Street": "3427 S Jefferson Ave", "City": "St Louis", "State": "MO", "Zip Code": 63118, "Phone": "(314) 773-2210", "Latitude": 38.592480049509803, "Longitude": -90.225859141571604 }, "geometry": null },
{ "type": "Feature", "properties": { "ObjectID": 264, "Retailor Name": "Save A Lot", "Street": "8960 Riverview Blvd", "City": "St Louis", "State": "MO", "Zip Code": 63147, "Phone": "(314) 867-7326", "Latitude": 38.721021693190004, "Longitude": -90.239734226900893 }, "geometry": null },
{ "type": "Feature", "properties": { "ObjectID": 265, "Retailor Name": "Save A Lot", "Street": "4324 Loughborough Ave", "City": "St Louis", "State": "MO", "Zip Code": 63116, "Phone": "(314) 832-1350", "Latitude": 38.566128848353898, "Longitude": -90.278272304809803 }, "geometry": null }
]
}
